meter,age
16.22808456,750
18.21569163,550
21.5606889,350
24.08028066,250
28.20985967,120
29.09522508,60
30.07531438,-20
33.09244578,-370